CountryName,E3_Fiscal measures,E4_International support,H4_Emergency investment in healthcare,H5_Investment in vaccines,ConfirmedCases,ConfirmedDeaths,StringencyIndexForDisplay,StringencyLegacyIndexForDisplay,GovernmentResponseIndexForDisplay,ContainmentHealthIndexForDisplay,EconomicSupportIndexForDisplay,total_tests,total_tests_per_thousand,tests_per_case,population,population_density,median_age,aged_70_older,gdp_per_capita,extreme_poverty,handwashing_facilities,hospital_beds_per_thousand,life_expectancy
Afghanistan,400000000.0,39400000.0,140400000.0,0.0,38162.0,1402.0,53.729632653061365,55.480040816326564,42.75514285714275,50.529714285714284,0.0,0.0,0.0,0.0,38928341.0,54.422,18.6,1.337,1803.987,0.0,37.746,0.5,64.83
Albania,382052000.0,0.0,25000000.0,0.0,9380.0,280.0,52.43991836734706,56.72612244897958,49.33579591836726,50.64395918367349,42.142857142857146,0.0,0.0,0.0,2877800.0,104.87100000000001,38.0,8.642999999999999,11803.431,1.1,0.0,2.89,78.57
Algeria,545000000.0,0.0,226000000.0,0.0,44146.0,1501.0,53.37232653061218,59.155265306122324,45.009795918367324,48.146408163265264,27.755102040816325,0.0,0.0,0.0,43851043.0,17.348,29.1,3.8569999999999998,13913.839,0.5,83.741,1.9,76.88
Andorra,141399000.0,473499125.0,2509518.5,0.0,1124.0,53.0,30.847673469387804,43.3571428571428,37.672326530612246,33.797183673469334,58.97959183673469,0.0,0.0,0.0,77265.0,163.755,0.0,0.0,0.0,0.0,0.0,0.0,83.73
Angola,9000000.0,0.0,120000000.0,0.0,2624.0,107.0,53.513836734693804,57.5438367346938,45.01742857142847,48.656571428571354,25.0,0.0,0.0,0.0,32866268.0,23.89,16.8,1.3619999999999999,5819.495,0.0,26.664,0.0,61.15
Anguilla,0.0,0.0,0.0,0.0,3.0,0.0,35.072105263157894,40.42094736842118,52.67939655172405,55.577844827586304,22.43421052631579,0.0,0.0,0.0,15002.0,0.0,0.0,0.0,0.0,0.0,0.0,0.0,81.88
Argentina,10000000000.0,0.0,47000000.0,0.0,401226.0,8401.0,65.76281632653044,68.18975510204089,60.68995901639351,62.74487704918035,49.385245901639344,1082679.0,23.955,18.301,45195777.0,16.177,31.9,7.441,18933.907,0.6,0.0,5.0,76.67
Aruba,0.0,0.56,0.0,0.0,1997.0,10.0,36.91702040816327,42.06959183673474,38.577020408163285,36.331428571428575,50.91836734693877,0.0,0.0,0.0,106766.0,584.8,41.2,7.452000000000001,35973.781,0.0,0.0,0.0,76.29
Australia,99179238800.0,185925761.0,1561787799.0,7473254.0,25670.0,611.0,50.36612244897955,52.56261224489789,53.12693877551023,53.67448979591851,50.10204081632653,6168229.0,241.892,4924.769,25499881.0,3.202,37.9,10.129,44648.71,0.5,0.0,3.84,83.44
Austria,41182448771.0,0.0,0.0,1085695.0,27218.0,733.0,38.72673469387756,43.35469387755115,46.46118367346928,43.955755102040946,60.255102040816325,1180711.0,131.097,250.023,9006400.0,106.749,44.4,13.748,45436.685999999994,0.7,0.0,7.37,81.54
Azerbaijan,588235290.0,5000000.0,0.0,0.0,36309.0,531.0,62.129795918367265,63.26428571428574,57.38097959183666,62.3592653061226,30.0,0.0,0.0,0.0,10139175.0,119.309,32.4,3.8710000000000004,15847.419,0.0,83.241,4.7,73.0
Bahrain,11436170212.0,0.0,468500000.0,0.0,51574.0,189.0,54.48330578512407,60.34462809917342,59.01880165289271,58.454214876033035,62.138429752066116,1100729.0,646.885,140.467,1701583.0,1935.9070000000002,32.4,1.3869999999999998,43290.705,0.0,0.0,2.0,77.29
Bangladesh,8564857500.0,1500000.0,100320307.0,0.0,310822.0,4248.0,58.88567901234586,63.05148148148146,53.49917695473272,56.77197530864188,35.49382716049383,1514126.0,9.193999999999999,135.625,164689383.0,1265.036,27.5,3.262,3523.9840000000004,14.8,34.808,0.8,72.59
Barbados,1000000000.0,15000.0,0.0,0.0,173.0,7.0,49.29734693877545,54.94763265306142,46.881265306122515,50.897306122449,24.79591836734694,0.0,0.0,0.0,287371.0,664.4630000000001,39.8,9.472999999999999,16978.068,0.0,88.469,5.8,79.19
Belarus,0.0,0.0,0.0,0.0,71687.0,676.0,8.73110655737704,12.535286885245908,14.840901639344256,17.540204918032792,0.0,1497421.0,158.469,855.4,9449321.0,46.858000000000004,40.3,9.788,17167.967,0.0,0.0,11.0,74.79
Belgium,9608192466.0,0.0,1076350000.0,22000000.0,84948.0,9894.0,48.011714285714255,50.53371428571416,50.115387755102226,48.85624489795914,57.04081632653061,2278391.0,196.58900000000003,158.157,11589616.0,375.564,41.8,12.849,42658.575999999994,0.2,0.0,5.64,81.63
Belize,12500000.0,0.0,0.0,0.0,994.0,13.0,50.51807377049181,54.49258196721299,45.908934426229486,49.28053278688521,27.35655737704918,0.0,0.0,0.0,397621.0,16.426,25.0,2.279,7824.361999999999,0.0,90.083,1.3,74.62
Benin,127683025.0,0.0,12066590.0,0.0,2145.0,40.0,35.93848979591837,41.69546938775501,37.196857142857155,39.91604081632645,22.244897959183675,0.0,0.0,0.0,12123198.0,99.11,18.8,1.942,2064.236,49.6,11.035,0.5,61.77
Bermuda,20621000.0,0.0,2800000.0,0.0,169.0,9.0,47.43644628099173,54.53632231404972,49.54871900826441,52.36128099173558,34.09090909090909,0.0,0.0,0.0,62273.0,1308.82,0.0,0.0,50669.315,0.0,0.0,0.0,82.59
Bhutan,397281300.0,100000.0,26485420.0,0.0,224.0,0.0,55.43330612244887,62.868734693877386,54.94142857142873,56.275020408163336,47.60204081632653,0.0,0.0,0.0,771612.0,21.188000000000002,28.6,2.977,8708.597,1.5,79.807,1.7,71.78
Bolivia,215500000.0,0.0,101387930.0,0.0,115968.0,4966.0,64.12766393442611,65.90213114754103,49.81782786885249,54.29610655737719,25.204918032786885,232975.0,19.958,19.6,11673029.0,10.202,25.4,4.393,6885.829000000001,7.1,25.383000000000003,1.1,71.51
Bosnia and Herzegovina,580000000.0,0.0,16459500.0,0.0,19789.0,592.0,50.55828571428577,55.94473469387749,41.946122448979516,46.06693877551015,19.285714285714285,0.0,0.0,0.0,3280815.0,68.49600000000001,42.5,10.710999999999999,11713.895,0.2,97.164,3.5,77.4
Botswana,176163091.0,0.0,3150000.0,0.0,1633.0,6.0,48.26065573770482,53.59491803278679,43.550122950819734,44.30483606557371,39.39549180327869,0.0,0.0,0.0,2351625.0,4.044,25.8,2.242,15807.374,0.0,0.0,1.8,69.59
Brazil,117839000000.0,0.0,1758230000.0,127000000.0,3862311.0,120828.0,53.8794650205763,55.394485596707625,46.033374485596674,48.455637860082355,32.71604938271605,4797948.0,22.572,0.0,212559409.0,25.04,33.5,5.06,14103.452,3.4,0.0,2.2,75.88
British Virgin Islands,62500000.0,0.0,0.0,0.0,37.0,1.0,37.98200000000005,44.636052631579076,62.13333333333325,57.48484848484841,,0.0,0.0,0.0,30237.0,207.97299999999998,0.0,0.0,0.0,0.0,0.0,0.0,79.07
Brunei,314000000.0,0.0,7686929.0,0.0,144.0,3.0,39.17053061224492,46.322979591836706,35.91118367346939,40.974408163265295,8.061224489795919,0.0,0.0,0.0,437483.0,81.347,32.4,2.3819999999999997,71809.25099999999,0.0,0.0,2.7,75.86
Bulgaria,5140000000.0,0.0,201407095.0,0.0,16190.0,613.0,36.76583673469377,43.00820408163261,38.17922448979601,36.95714285714294,44.89795918367347,404683.0,58.24100000000001,100.975,6948445.0,65.18,44.7,13.272,18563.307,1.5,0.0,7.454,75.05
Burkina Faso,0.0,0.0,15234800.0,0.0,1368.0,55.0,40.93008333333327,45.35274999999992,36.039125000000034,42.59049999999995,0.0,0.0,0.0,0.0,20903278.0,70.15100000000001,17.6,1.358,1703.102,43.7,11.877,0.4,61.58
Burundi,0.0,0.0,0.0,0.0,445.0,1.0,20.136081632653006,27.19163265306131,18.89538775510206,22.332367346938828,0.0,0.0,0.0,0.0,11890781.0,423.06199999999995,17.5,1.504,702.225,71.7,6.144,0.8,61.58
Cambodia,500000000.0,0.0,0.0,0.0,274.0,0.0,34.18016460905352,40.94687242798355,30.514362139917807,33.20296296296304,15.74074074074074,0.0,0.0,0.0,16718971.0,90.67200000000001,25.6,2.385,3645.07,0.0,66.229,0.8,69.82
Cameroon,0.0,0.0,1670000.0,0.0,19142.0,411.0,42.670653061224485,51.443142857143,37.635714285714236,42.141428571428726,12.857142857142858,0.0,0.0,0.0,26545864.0,50.885,18.8,1.919,3364.926,23.8,2.735,1.3,59.29
Canada,26219236000.0,30000000.0,206400000.0,600000000.0,127940.0,9117.0,48.947999999999865,49.818571428571246,52.17085714285698,52.19538775510203,52.04081632653061,5440371.0,144.14600000000002,148.923,37742157.0,4.037,41.4,10.797,44017.59099999999,0.5,0.0,2.5,82.43
Cape Verde,258392.25,0.0,4311831.77,0.0,3852.0,40.0,53.74367346938775,59.1008979591836,53.014775510203876,53.69330612244895,49.285714285714285,0.0,0.0,0.0,555988.0,135.58,25.7,3.437,6222.554,0.0,0.0,2.1,72.98
Cayman Islands,0.0,0.0,0.0,0.0,205.0,1.0,49.29889473684213,53.239315789473636,64.13163265306125,75.53747899159642,,0.0,0.0,0.0,65720.0,256.496,0.0,0.0,49903.029,0.0,0.0,0.0,83.92
Central African Republic,67199760.0,0.0,0.0,0.0,4700.0,61.0,42.89999999999994,46.15979508196726,36.01094262295082,39.37315573770493,17.520491803278688,0.0,0.0,0.0,4829764.0,7.479,18.3,2.251,661.24,0.0,16.602999999999998,1.0,53.28
Chad,24000000.0,0.0,0.0,0.0,1012.0,77.0,46.674467213114674,50.3813114754098,42.3017622950819,44.106393442622974,32.377049180327866,0.0,0.0,0.0,16425859.0,11.833,16.7,1.446,1768.1529999999998,38.4,5.818,0.0,54.24
Chile,10250000000.0,12000000000.0,1500000000.0,3435342491.0,409974.0,11244.0,54.55804081632645,54.39730612244905,51.94465306122447,54.3848979591836,38.52040816326531,2400522.0,125.575,15.975,19116209.0,24.281999999999996,35.4,6.938,22767.037,1.3,0.0,2.11,80.18
China,1192572826071.0,281340028.0,14190000000.0,0.0,89895.0,4722.0,69.63848979591842,67.18057142857162,64.87257142857106,73.40510204081623,17.959183673469386,0.0,0.0,0.0,1439323774.0,147.674,38.7,5.928999999999999,15308.712,0.7,0.0,4.34,76.91
Colombia,17000000000.0,0.0,6152881698.0,0.0,607938.0,19364.0,61.75077551020436,65.92975510204083,59.7800816326533,61.627918367347085,49.59183673469388,2599703.0,51.092,102.2,50882884.0,44.223,32.2,4.312,13254.948999999999,4.5,65.38600000000001,1.71,77.29
Congo,6632650000.0,0.0,209931.0,0.0,3979.0,78.0,52.053442622950826,55.50799180327874,47.759959016393445,47.83483606557369,47.33606557377049,0.0,0.0,0.0,5518092.0,15.405,19.0,2.063,4881.406,37.0,47.964,0.0,64.57
Costa Rica,503200000.0,0.0,0.0,0.0,39699.0,418.0,52.1540000000001,60.52497959183669,49.51902040816323,52.731795918367375,31.836734693877553,125419.0,24.62,0.0,5094114.0,96.079,33.6,5.694,15524.995,1.3,83.84100000000001,1.13,80.28
Cote d'Ivoire,313191000.0,1600000.0,42140700.0,0.0,17948.0,115.0,40.97628571428569,46.48861224489811,39.9169795918367,41.868530612244854,29.183673469387756,125972.0,4.776,21.829,26378275.0,76.399,18.7,1.5819999999999999,3601.006,28.2,19.351,0.0,57.78
Croatia,4214550000.0,0.0,1275773800.0,3292815.0,10123.0,184.0,41.03074074074068,48.20925925925944,49.00748971193432,46.82658436214004,61.008230452674894,168229.0,40.979,2639.0,4105268.0,73.726,44.0,13.052999999999999,22669.797000000002,0.7,0.0,5.54,78.49
Cuba,0.0,0.0,0.0,0.0,3973.0,94.0,54.96526530612243,59.73787755102021,50.425918367347045,54.00171428571434,30.76530612244898,392785.0,34.678000000000004,1191.647,11326616.0,110.40799999999999,43.1,9.719,0.0,0.0,85.198,5.2,78.8
Cyprus,1370822320.0,0.0,109760500.0,0.0,1487.0,21.0,48.19934693877538,55.65853061224479,54.17999999999979,50.82240816326523,72.65306122448979,0.0,0.0,0.0,875899.0,127.65700000000001,37.3,8.562999999999999,32415.132,0.0,0.0,3.4,80.98
Czech Republic,4053313388.41,1012736.86,121599401.65,0.0,24367.0,423.0,39.03897959183682,47.4160408163265,44.460163265306115,42.961061224489875,52.704081632653065,896813.0,83.744,147.475,10708982.0,137.17600000000002,43.3,11.58,32605.906000000003,0.0,0.0,6.63,79.38
Democratic Republic of Congo,363270000.0,0.0,47000000.0,0.0,10044.0,257.0,49.27710204081639,53.5995510204081,43.803142857142795,45.73681632653044,33.16326530612245,0.0,0.0,14.376,89561404.0,35.879,17.0,1.745,808.133,77.1,4.4719999999999995,0.0,60.68
Denmark,42066226711.27,94575000.0,94575000.0,0.0,16700.0,624.0,46.49616326530611,57.38763265306117,50.11065306122451,49.21155102040808,55.05102040816327,2417508.0,417.37300000000005,971.4060000000001,5792203.0,136.52,42.3,12.325,46682.515,0.2,0.0,2.5,80.9
Djibouti,5650000.0,0.0,5000000.0,0.0,5385.0,60.0,43.34178423236529,47.63298755186717,41.448174273858974,47.003651452282284,10.892116182572614,0.0,0.0,0.0,988002.0,41.285,25.4,2.38,2705.406,22.5,0.0,1.4,67.11
Dominica,8000000.0,0.0,0.0,0.0,20.0,0.0,39.867942386831295,42.77341563786006,42.48917695473251,44.380534979423764,32.098765432098766,0.0,0.0,0.0,71991.0,98.56700000000001,0.0,0.0,9673.367,0.0,0.0,3.8,75.0
Dominican Republic,580000000.0,0.0,256881995.41,0.0,94241.0,1681.0,57.81420408163281,62.70571428571437,48.6862448979591,54.58885714285706,16.224489795918366,0.0,0.0,0.0,10847904.0,222.873,27.6,4.419,14600.861,1.6,55.181999999999995,1.6,74.08
Ecuador,234000000.0,0.0,464000000.0,0.0,113648.0,6555.0,60.13857142857121,63.444367346939,56.940612244897714,58.091836734693906,50.61224489795919,256212.0,14.522,0.0,17643060.0,66.939,28.1,4.458,10581.936000000002,3.6,80.635,1.5,77.01
Egypt,6367000000.0,0.0,507000000.0,0.0,98727.0,5399.0,48.68917355371912,58.02946280991744,49.69057851239685,50.965702479338844,42.66528925619835,0.0,0.0,0.0,102334403.0,97.999,25.3,2.891,10550.206,1.3,89.82700000000001,1.6,71.99
El Salvador,1000000000.0,0.0,100000000.0,0.0,25729.0,717.0,67.83616326530591,72.01277551020418,60.64971428571435,63.49338775510217,45.0,310444.0,47.861999999999995,106.803,6486201.0,307.811,27.6,5.417000000000001,7292.4580000000005,2.2,90.65,1.3,73.32
Eritrea,484000.0,0.0,0.0,0.0,318.0,0.0,62.0681224489798,64.38375510204095,49.66751020408164,55.82183673469395,15.816326530612244,0.0,0.0,0.0,3546427.0,44.303999999999995,19.3,2.171,1510.4589999999998,0.0,0.0,0.7,66.32
Estonia,2160000000.0,220000.0,325949.0,0.0,2373.0,64.0,31.07612244897958,34.75265306122445,29.59995918367346,29.397061224489818,30.714285714285715,147901.0,111.494,822.5,1326539.0,31.033,42.7,13.491,29481.252,0.5,0.0,4.69,78.74
Ethiopia,1400000000.0,0.0,154000000.0,0.0,51122.0,793.0,52.670530612245074,55.89216326530609,45.01493877551022,49.41008163265291,20.816326530612244,869430.0,7.563,808.182,114963583.0,104.95700000000001,19.8,2.063,1729.9270000000001,26.7,7.96,0.3,66.6
Falkland Islands,0.0,0.0,0.0,0.0,13.0,0.0,31.91536842105261,32.83913043478268,57.323749999999954,55.310087719298345,,0.0,0.0,0.0,3483.0,0.0,0.0,0.0,0.0,0.0,0.0,0.0,81.44
Fiji,400000000.0,0.0,40000000.0,0.0,28.0,2.0,52.059387755102115,57.54334693877558,53.9115102040817,54.828367346938826,48.87755102040816,7979.0,8.901,378.0,896444.0,49.562,28.6,3.284,8702.975,1.4,0.0,2.3,67.44
Finland,346000000.0,6011700.0,112986734.87,5543828.0,8077.0,335.0,35.01608163265304,46.06934693877546,36.464734693877595,35.137102040816366,43.775510204081634,639098.0,115.346,4788.0,5540718.0,18.136,42.8,13.264000000000001,40585.721,0.0,0.0,3.28,81.91
France,709275922528.0,1311754455.0,4409436000.0,544911500.0,277943.0,30606.0,51.074612244898084,53.281387755102244,52.63963265306116,51.43130612244904,59.285714285714285,0.0,0.0,136.981,65273512.0,122.57799999999999,42.0,13.079,38605.671,0.0,0.0,5.98,82.66
Gabon,415000000.0,0.0,2000000.0,0.0,8505.0,53.0,51.914115226337564,57.039300411522504,53.925925925925895,54.13411522633742,52.77777777777778,0.0,0.0,0.0,2225728.0,7.859,23.1,2.9760000000000004,16562.413,3.4,0.0,6.3,66.47
Gambia,21300000.0,0.0,9826500.0,0.0,2963.0,96.0,49.684180327868816,56.70540983606557,41.863442622950856,49.47643442622966,0.0,0.0,0.0,0.0,2416664.0,207.56599999999997,17.5,1.4169999999999998,1561.767,10.1,7.876,1.1,62.05
Georgia,1090441288.0,0.0,156630000.0,0.0,1487.0,19.0,56.64106557377058,62.391721311475465,51.79778688524606,57.58176229508185,19.979508196721312,0.0,0.0,0.0,3989175.0,65.032,38.7,10.244000000000002,9745.079,4.2,0.0,2.6,73.77
Germany,68442949672.71,2023000000.0,62997723800.0,812000000.0,242381.0,9298.0,47.312122448979686,51.226285714285865,48.751183673469434,51.19722448979596,35.30612244897959,11208091.0,133.774,218.93400000000003,83783945.0,237.016,46.6,15.957,45229.245,0.0,0.0,8.0,81.33
Ghana,106551726.0,0.0,100000000.0,0.0,44205.0,276.0,41.76659836065575,47.340286885245725,42.259713114754156,46.77540983606569,17.418032786885245,442185.0,14.231,164.035,31072945.0,126.719,21.1,1.9480000000000002,4227.63,12.0,41.047,0.9,64.07
Gibraltar,0.0,0.0,0.0,0.0,285.0,0.0,41.446931216931176,48.71179894179889,61.574811320754854,64.18622047244098,,0.0,0.0,0.0,33691.0,3457.1,0.0,0.0,0.0,0.0,0.0,0.0,79.93
Greece,4118246200.0,0.0,2681004.0,3242505.0,10134.0,262.0,45.69320833333335,52.29125000000002,44.403291666666654,45.213041666666655,39.947916666666664,940882.0,90.26899999999999,703.306,10423056.0,83.479,45.3,14.524000000000001,24574.382,1.5,0.0,4.21,82.24
Greenland,23674995.0,0.0,298569.72,0.0,14.0,0.0,34.720612244897964,40.39428571428564,36.872285714285674,38.98257142857143,25.255102040816325,0.0,0.0,0.0,56772.0,0.13699999999999998,0.0,0.0,0.0,0.0,0.0,0.0,71.7
Guam,276000000.0,0.0,0.0,0.0,1347.0,10.0,46.94041666666662,54.76829166666665,41.93670833333339,48.08162499999999,8.125,0.0,0.0,0.0,168783.0,304.128,31.4,5.492999999999999,0.0,0.0,0.0,0.0,80.07
Guatemala,1689500000.0,0.0,155889910.55,0.0,73912.0,2740.0,67.70036734693878,71.74661224489786,56.48146938775507,59.5086938775512,39.8469387755102,0.0,0.0,0.0,17915567.0,157.834,22.9,3.016,7423.808000000001,8.7,76.665,0.6,74.3
Guinea,290000000.0,0.0,0.0,0.0,9371.0,59.0,49.41213114754088,54.0643852459016,41.45852459016397,48.99815573770489,0.0,0.0,0.0,0.0,13132792.0,51.755,19.0,1.733,1998.9260000000002,35.3,17.45,0.3,61.6
Guyana,60000000.0,0.0,4500000000.0,0.0,1234.0,37.0,56.61285714285702,61.351714285714245,49.700122448979464,55.172979591836594,19.591836734693878,0.0,0.0,0.0,786559.0,3.952,26.3,2.8369999999999997,7435.047,0.0,77.15899999999999,1.6,69.91
Haiti,111600000.0,0.0,20000000.0,0.0,8209.0,201.0,43.71787755102042,48.03089795918371,36.55159183673477,39.54159183673464,20.102040816326532,0.0,0.0,0.0,11402533.0,398.44800000000004,24.3,2.9539999999999997,1653.1729999999998,23.5,22.863000000000003,0.7,64.0
Honduras,420000000.0,0.0,420000000.0,0.0,60174.0,1858.0,68.08493877550997,68.46979591836737,60.248000000000275,61.330612244898134,54.285714285714285,0.0,0.0,0.0,9904608.0,82.805,24.9,2.883,4541.795,16.0,84.169,0.7,75.27
Hong Kong,17737249075.6,0.0,1308494000.0,14322225.0,4801.0,88.0,52.567254098360706,63.64483606557377,60.02536885245889,56.92877049180325,77.04918032786885,780410.0,104.096,0.0,7496988.0,7039.714,44.8,10.158,56054.92,0.0,0.0,0.0,84.86
Hungary,30000000000.0,0.0,695315445.0,0.0,5961.0,614.0,44.22432653061227,54.11644897959196,47.62236734693894,46.58567346938776,53.316326530612244,428150.0,44.32,874.462,9660350.0,108.04299999999999,43.4,11.975999999999999,26777.561,0.5,0.0,7.02,76.88
Iceland,1600000000.0,0.0,0.0,0.0,2105.0,10.0,32.79717213114755,36.59963114754101,44.44959016393448,39.90016393442619,69.4672131147541,88829.0,260.305,3479.0,341250.0,3.404,37.3,9.207,46482.958,0.2,0.0,2.91,82.99
India,266470898368.0,10000000.0,1000000000.0,13205680.0,3621245.0,64469.0,60.31069387755093,63.900040816326516,61.623183673469185,62.880857142857096,54.69387755102041,42307914.0,30.658,85.598,1380004385.0,450.41900000000004,28.2,3.4139999999999997,6426.674,21.2,59.55,0.53,69.66
Indonesia,43000000000.0,0.0,28600000.0,338558.0,172053.0,7343.0,50.60259259259258,55.29864197530865,42.18296296296301,47.0073251028806,15.637860082304528,1282618.0,4.689,12.047,273523621.0,145.725,29.3,3.053,11188.743999999999,5.7,64.204,1.04,71.72
Iran,23868898736.0,0.0,0.0,0.0,373570.0,21462.0,40.81296296296282,49.31905349794251,40.35362139917706,40.00218106995893,42.28395061728395,3231110.0,38.469,13.065,83992953.0,49.831,32.4,3.182,19082.62,0.2,0.0,1.5,76.68
Iraq,502933780.0,0.0,50000000.0,0.0,231177.0,6959.0,68.06114285714287,70.78836734693891,57.16685714285729,63.551061224489935,22.040816326530614,1502546.0,37.356,126.427,40222503.0,88.125,20.0,1.9569999999999999,15663.986,2.5,94.57600000000001,1.4,70.6
Ireland,6483000000.0,12428000.0,584993920.0,19633914.0,28760.0,1777.0,48.89077551020391,54.71175510204067,51.723959183673294,48.939020408163195,67.04081632653062,824712.0,167.02,682.446,4937796.0,69.874,38.7,8.677999999999999,67335.293,0.2,0.0,2.96,82.3
Israel,19620000000.0,0.0,2800000000.0,60000000.0,114020.0,919.0,52.51644897959183,59.71126530612262,53.19746938775515,50.66159183673473,67.21311475409836,2285649.0,264.068,444.92699999999996,8655541.0,402.606,30.6,7.359,33132.32,0.5,0.0,2.99,82.97
Italy,452656343806.0,0.0,3564000000.0,5953246.0,268218.0,35477.0,54.70971428571425,61.11812244897967,55.52526530612246,57.7377551020408,43.36734693877551,5117788.0,84.645,145.735,60461828.0,205.859,47.9,16.24,35220.084,2.0,0.0,3.18,83.51
Jamaica,182257000.0,0.0,0.0,0.0,2357.0,21.0,55.42540983606555,58.2173770491803,48.56463114754091,51.844344262295095,30.5327868852459,0.0,0.0,0.0,2961161.0,266.879,31.4,6.39,8193.571,0.0,66.425,1.7,74.47
Japan,990863000000.0,834353051822.0,16801000000.0,300000000.0,67865.0,1279.0,29.485510204081628,40.397346938775485,34.86134693877555,32.31277551020407,48.87755102040816,1770064.0,13.995,184.243,126476458.0,347.778,48.2,18.493,39002.223,0.0,0.0,13.05,84.63
Jordan,705000000.0,0.0,0.0,0.0,1966.0,15.0,48.485142857142726,54.25808163265335,44.58889795918372,48.122244897959135,25.153061224489797,0.0,0.0,0.0,10203140.0,109.285,23.2,2.3609999999999998,8337.49,0.1,0.0,1.4,74.53
Kazakhstan,10000000000.0,0.0,190410629.0,0.0,130673.0,1781.0,56.21587755102044,58.56110204081634,52.7514285714287,57.73342857142847,25.357142857142858,2434444.0,129.65200000000002,199.56900000000002,18776707.0,6.681,30.6,4.625,24055.588,0.1,98.999,6.7,73.6
Kenya,499942167.0,0.0,0.0,0.0,34057.0,574.0,58.923632653061304,62.92681632653079,53.25151020408174,56.829020408163196,33.57142857142857,445722.0,8.289,103.022,53771300.0,87.324,20.0,1.528,2993.028,36.8,24.651,1.4,66.7
Kosovo,1200000000.0,0.0,0.0,0.0,12683.0,488.0,53.71061224489799,58.32991836734702,47.99073469387765,49.29338775510201,40.816326530612244,0.0,0.0,0.0,1932774.0,168.155,0.0,0.0,9795.834,0.6,0.0,0.0,0.0
Kuwait,1618652051.0,40000000.0,1600000000.0,0.0,84636.0,530.0,61.69040816326543,65.97563265306134,55.5440000000001,62.02591836734696,19.897959183673468,611639.0,143.222,7.147,4270563.0,232.128,33.7,1.114,65530.537000000004,0.0,0.0,2.0,75.49
Laos,11000000.0,0.0,5700000.0,0.0,22.0,0.0,33.220163934426246,38.233114754098345,33.724262295081914,34.781188524590206,27.920081967213115,0.0,0.0,0.0,7275556.0,29.715,24.4,2.322,6397.36,22.7,49.839,1.5,67.92
Latvia,2241094221.93,0.0,8041219.0,0.0,1393.0,34.0,38.875224489795905,49.56697959183691,41.821224489795824,41.50208163265318,43.57142857142857,251717.0,133.452,5152.0,1886202.0,31.212,43.9,14.136,25063.846,0.7,0.0,5.57,75.29
Lebanon,0.0,0.0,39000000.0,0.0,16870.0,160.0,51.470285714285666,57.983346938775526,44.16759183673476,49.47061224489795,15.0,0.0,0.0,0.0,6825442.0,594.561,31.1,5.43,13367.565,0.0,0.0,2.9,78.93
Lesotho,66152150.0,0.0,37840000.0,0.0,1066.0,31.0,49.09799999999982,56.38077551020403,41.67599999999993,44.24436734693878,27.551020408163264,0.0,0.0,0.0,2142252.0,73.562,22.2,2.647,2851.153,59.6,2.117,0.0,54.33
Liberia,25000000.0,0.0,0.0,0.0,1304.0,82.0,54.22910204081636,58.72648979591851,41.99277551020394,49.62832653061212,0.0,0.0,0.0,0.0,5057677.0,49.126999999999995,19.2,1.756,752.788,38.6,1.188,0.8,64.1
Libya,0.0,0.0,52998679.0,0.0,13423.0,232.0,64.51653061224474,67.20159183673479,48.93587755102029,57.832938775510094,0.0,0.0,0.0,0.0,6871287.0,3.623,29.0,2.8160000000000003,17881.509,0.0,0.0,3.7,72.91
Lithuania,2476881000.0,92008.0,550832500.0,0.0,2874.0,86.0,37.551469387755134,44.579306122448926,41.84710204081632,40.82869387755089,47.44897959183673,639044.0,234.745,1850.0,2722291.0,45.135,43.5,13.777999999999999,29524.265,0.7,0.0,6.56,75.93
Luxembourg,9658923079.0,220507.0,32928146.0,0.0,7928.0,124.0,34.01975409836065,38.0927868852458,44.1969672131147,39.91795081967218,67.72540983606558,381256.0,609.058,882.966,625976.0,231.447,39.7,9.842,94277.965,0.2,0.0,4.51,82.25
Madagascar,0.0,0.0,3700000.0,0.0,14843.0,191.0,49.64804081632645,51.48379591836733,41.645346938775525,45.69363265306123,19.387755102040817,0.0,0.0,0.0,27691019.0,43.951,19.6,1.686,1416.44,77.6,50.54,0.2,67.04
Malawi,50000000.0,10000000.0,213000000.0,0.0,5536.0,174.0,39.31779591836737,45.725265306122495,42.118122448979626,39.65681632653059,55.66326530612245,0.0,0.0,0.0,19129955.0,197.519,18.1,1.7830000000000001,1095.042,71.4,8.704,1.3,64.26
Malaysia,57800000000.0,0.0,346650000.0,0.0,9334.0,126.0,47.898897959183685,55.37934693877547,52.79004081632659,53.90869387755102,46.63265306122449,1243540.0,38.421,2245.25,32365998.0,96.25399999999999,29.9,3.407,26808.164,0.1,0.0,1.9,76.16
Mali,200000000.0,0.0,10200000.0,0.0,2773.0,126.0,38.34736625514389,43.25288065843615,37.04761316872424,38.09604938271612,31.275720164609055,0.0,0.0,0.0,20250834.0,15.196,16.4,1.486,2014.306,0.0,52.232,0.1,59.31
Mauritania,210000000.0,0.0,80000000.0,0.0,7022.0,159.0,42.8456378600821,45.95818930041167,41.14669421487585,42.694586776859644,32.64462809917355,0.0,0.0,0.0,4649660.0,4.289,20.3,1.7919999999999998,3597.633,6.0,15.95,0.0,64.92
Mauritius,130672834.0,0.0,310000000.0,0.0,346.0,10.0,33.82167346938774,39.27253061224497,37.63697959183668,37.30102040816322,39.48979591836735,0.0,0.0,0.0,1271767.0,622.962,37.4,5.8839999999999995,20292.745,0.5,0.0,3.4,74.99
Mexico,5004000000.0,0.0,7340000000.0,0.0,595841.0,64158.0,49.50995815899575,52.718200836820046,38.72326359832636,45.7638912133892,0.0,1241422.0,9.628,406.0,128932753.0,66.444,29.3,4.321000000000001,17336.468999999997,2.5,87.84700000000001,1.38,75.05
Moldova,452000000.0,550000000.0,0.0,0.0,36700.0,992.0,54.08020408163267,58.404857142856926,48.898775510204054,53.55983673469409,23.26530612244898,0.0,0.0,0.0,4033963.0,123.655,37.6,6.955,5189.972,0.2,86.979,5.8,71.9
Mongolia,1837687080.0,0.0,72066160.0,0.0,301.0,0.0,56.32665306122441,66.72142857142833,51.846653061224565,55.4836326530611,31.836734693877553,0.0,0.0,0.0,3278292.0,1.98,28.6,2.421,11840.846000000001,0.5,71.18,7.0,69.87
Montserrat,0.0,0.0,0.0,0.0,0.0,0.0,40.309100529100625,47.09021164021172,66.42406593406602,67.91840707964613,,0.0,0.0,0.0,4999.0,0.0,0.0,0.0,0.0,0.0,0.0,0.0,74.16
Morocco,12800000000.0,0.0,200000000.0,0.0,61399.0,1111.0,56.39800000000009,60.952244897959005,52.36730612244916,53.44951020408154,46.42857142857143,1890964.0,51.231,275.048,36910558.0,80.08,29.6,4.209,7485.013000000001,1.0,0.0,1.1,76.68
Mozambique,500000000.0,0.0,19500000.0,0.0,3821.0,23.0,43.731673469387815,51.11910204081641,37.1642040816327,43.918367346938695,0.0,0.0,0.0,0.0,31255435.0,37.728,17.7,1.87,1136.103,62.9,12.227,0.7,60.85
Myanmar,69985373.0,0.0,50000000.0,0.0,787.0,6.0,54.29453061224498,55.39681632653076,43.74563265306118,51.53420408163269,0.9183673469387755,156042.0,2.8680000000000003,2636.667,54409794.0,81.721,29.1,3.12,5591.597,6.4,79.28699999999999,0.9,67.13
Namibia,441411500.91,0.0,0.0,0.0,7365.0,72.0,42.27864754098369,46.57229508196724,43.203647540983674,43.08631147540989,43.85245901639344,0.0,0.0,0.0,2540916.0,3.0780000000000003,22.0,2.085,9541.808,13.4,44.6,0.0,63.71
Nepal,0.0,1000000.0,20642.0,0.0,38561.0,221.0,65.2794693877552,69.8322448979593,61.14020833333327,64.62520833333318,41.979166666666664,554388.0,19.027,1267.0,29136808.0,204.43,25.0,3.2119999999999997,2442.804,15.0,47.782,0.3,70.78
Netherlands,14272921000.0,0.0,25701603.0,0.0,70071.0,6215.0,42.50473469387761,50.45538775510198,43.78273469387757,44.11085714285714,41.98979591836735,1464715.0,85.48200000000001,219.895,17134873.0,508.54400000000004,43.2,11.880999999999998,48472.545,0.0,0.0,3.32,82.28
New Zealand,11500000000.0,0.0,297228142.0,23870000.0,1387.0,22.0,39.83440816326535,43.90016326530608,44.38942857142858,43.74824489795919,47.90816326530612,758027.0,157.194,28707.0,4822233.0,18.206,37.9,9.72,36085.843,0.0,0.0,2.61,82.29
Nicaragua,0.0,0.0,0.0,0.0,4494.0,137.0,9.727918367346932,12.995755102040773,8.923811475409819,10.54815573770491,0.0,0.0,0.0,0.0,6624554.0,51.667,27.3,3.5189999999999997,5321.444,3.2,0.0,0.9,74.48
Niger,140000000.0,0.0,13950000.0,0.0,1176.0,69.0,23.967387755102138,28.1008163265305,23.42689795918373,24.627346938775514,16.836734693877553,0.0,0.0,0.0,24206636.0,16.955,15.1,1.3780000000000001,926.0,44.5,8.978,0.3,62.42
Nigeria,3270000000.0,34000000000.0,272869480.0,0.0,53865.0,1013.0,52.19073770491807,58.480491803278596,44.80258196721307,52.61036885245905,1.8442622950819672,402070.0,1.95,13.786,206139587.0,209.588,18.1,1.4469999999999998,5338.454000000001,0.0,41.949,0.0,54.69
Norway,9729500000.0,1438898.7,14115450.0,190372000.0,10543.0,264.0,37.04024590163943,48.32356557377047,41.745245901639315,38.31639344262304,60.60450819672131,664770.0,122.62299999999999,512.75,5421242.0,14.462,39.7,10.812999999999999,64800.057,0.2,0.0,3.6,82.4
Oman,20000000000.0,0.0,26007802.0,0.0,85544.0,677.0,64.55204081632644,68.41751020408168,59.970244897959155,64.38220408163276,35.714285714285715,0.0,0.0,3.6060000000000003,5106622.0,14.98,30.7,1.53,37960.709,0.0,97.4,1.6,77.86
Pakistan,7561436640.0,163749932.5,200000000.0,0.0,295849.0,6294.0,53.82730612244911,58.34375510204097,50.98053061224496,53.03220408163264,39.69387755102041,2621146.0,11.866,56.868,220892331.0,255.57299999999998,23.5,2.78,5034.708,4.0,59.607,0.6,67.27
Palestine,0.0,0.0,0.0,0.0,29063.0,166.0,63.32359183673477,67.08424489795931,52.75502040816351,57.37310204081613,27.346938775510203,0.0,0.0,0.0,5101416.0,778.202,20.4,1.726,4449.898,1.0,0.0,0.0,74.05
Panama,1372000000.0,0.0,400000000.0,0.0,92065.0,1995.0,60.755267489711926,65.45872427983556,53.51329218107002,57.30559670781911,32.66460905349794,323049.0,74.87100000000001,16.265,4314768.0,55.133,29.7,5.03,22267.037,2.2,0.0,2.3,78.51
Papua New Guinea,1652000000.0,0.0,20000000.0,0.0,459.0,5.0,41.20138775510213,48.158897959183584,43.43240816326524,44.61224489795915,36.93877551020408,0.0,0.0,0.0,8947027.0,18.22,22.6,2.142,3823.1940000000004,0.0,0.0,0.0,64.5
Paraguay,2100000000.0,0.0,100000000.0,0.0,17195.0,308.0,61.038319672131195,64.04168032786905,56.6034426229509,58.32569672131158,47.131147540983605,185921.0,26.066999999999997,118.045,7132530.0,17.144000000000002,26.5,3.833,8827.01,1.7,79.602,1.3,74.25
Peru,8792497069.0,0.0,170700000.0,0.0,647166.0,28788.0,62.629265306122484,63.32897959183681,58.90538775510205,60.229224489795975,51.63265306122449,552929.0,16.77,0.0,32971846.0,25.129,29.1,4.455,12236.706,3.5,0.0,1.6,76.74
Philippines,23000000000.0,0.0,61000000.0,400000000.0,217396.0,3520.0,65.46782786885248,69.92389344262297,58.5731557377051,66.79127049180329,13.370901639344263,2403510.0,21.934,44.9,109581085.0,351.87300000000005,25.2,2.661,7599.188,0.0,78.46300000000001,1.0,71.23
Poland,50740292000.0,0.0,336870464.0,507361020.0,66870.0,2033.0,43.69225409836056,53.585737704918,39.626229508196715,42.294795081967116,24.94877049180328,2587559.0,68.37,79.288,37846605.0,124.027,41.8,10.202,27216.445,0.0,0.0,6.62,78.73
Portugal,10121400000.0,0.0,0.0,10819830.0,57768.0,1819.0,53.068606557377144,59.15422131147534,53.49602459016391,54.782254098360596,46.41393442622951,1976482.0,193.835,83.29700000000001,10196707.0,112.37100000000001,46.2,14.924000000000001,27936.896,0.5,0.0,3.39,82.05
Puerto Rico,700000000.0,0.0,340000000.0,0.0,32848.0,434.0,57.62216326530622,62.82702040816322,54.0155918367347,55.2292244897959,47.33606557377049,0.0,0.0,0.0,2860840.0,376.23199999999997,38.2,9.829,35044.67,0.0,0.0,0.0,80.1
Qatar,20600000000.0,424000.0,0.0,0.0,118575.0,197.0,59.150285714285715,66.3292653061226,55.20000000000012,60.094979591836676,28.26530612244898,624609.0,216.798,73.596,2881060.0,227.322,31.9,0.617,116935.6,0.0,0.0,1.2,80.23
Romania,3099171108.48,0.0,24236047.0,808365.6,86785.0,3578.0,45.99518367346956,52.41453061224493,46.11053061224496,44.095959183673365,57.19387755102041,1795633.0,93.339,62.968999999999994,19237682.0,85.12899999999999,43.0,11.69,23313.199,5.7,0.0,6.892,76.05
Russia,1465500000.0,1000000.0,741974138.0,286175609.0,990326.0,17093.0,53.8471428571428,54.30542857142861,54.137795918367516,57.116775510204135,37.755102040816325,36696382.0,251.458,5091.333,145934460.0,8.823,39.6,9.392999999999999,24765.953999999998,0.1,0.0,8.05,72.58
Rwanda,109400000.0,0.0,16453484.0,0.0,4020.0,16.0,54.36683127572014,58.88308641975316,52.32576131687238,58.13489711934144,20.37037037037037,393237.0,30.361,1039.5,12952209.0,494.869,20.3,1.642,1854.211,56.0,4.617,0.0,69.02
San Marino,0.0,0.0,0.0,0.0,710.0,42.0,42.64487704918031,48.937581967213035,46.49540983606549,47.30959016393459,42.00819672131148,0.0,0.0,0.0,33938.0,556.6669999999999,0.0,0.0,56861.47,0.0,0.0,3.8,84.97
Saudi Arabia,18600000000.0,525000000.0,139540000.0,10000000.0,314821.0,3870.0,56.77918367346931,62.74534693877549,56.68142857142865,60.085183673469416,37.95918367346939,5063593.0,145.44799999999998,52.144,34813867.0,15.322000000000001,31.9,1.845,49045.41099999999,0.0,0.0,2.7,75.13
Senegal,1648500000.0,0.0,106163400.0,0.0,13556.0,284.0,40.47677551020403,43.263469387755244,43.681346938775505,44.06330612244894,41.58163265306123,151044.0,9.021,28.0,16743930.0,82.32799999999999,18.7,1.796,2470.58,38.0,20.859,0.0,67.94
Serbia,0.0,0.0,109000000.0,0.0,31365.0,711.0,42.736081632653146,47.37485714285711,42.205061224489896,44.934734693877466,27.193877551020407,925208.0,135.968,122.26899999999999,6804596.0,80.291,41.2,0.0,14048.881000000001,0.0,97.719,5.609,76.0
Seychelles,28000000.0,0.0,0.0,0.0,136.0,0.0,35.879053497942394,40.433127572016424,36.3239917695472,39.917983539094635,16.56378600823045,0.0,0.0,0.0,98340.0,208.354,36.2,5.586,26382.287,1.1,0.0,3.6,73.4
Sierra Leone,7500000.0,0.0,0.0,0.0,2022.0,70.0,38.11102040816317,43.17653061224489,36.897265306122584,40.76689795918362,15.612244897959183,0.0,0.0,0.0,7976985.0,104.7,19.1,1.285,1390.3,52.2,19.275,0.0,54.7
Singapore,33560000000.0,0.0,5600000.0,0.0,56771.0,27.0,50.35545454545463,55.262727272727155,54.95471074380161,55.35144628099178,52.789256198347104,758569.0,129.662,81.641,5850343.0,7915.731,42.4,7.0489999999999995,85535.383,0.0,0.0,2.4,83.62
Slovenia,3325569569.0,0.0,0.0,15300000.0,2865.0,128.0,38.259918032786956,42.107500000000066,42.99811475409816,42.544180327868915,45.49180327868852,157456.0,75.73899999999999,4347.0,2078932.0,102.619,44.5,12.93,31400.84,0.0,0.0,4.5,81.32
Somalia,5000000.0,0.0,0.0,0.0,3310.0,98.0,29.64212244897951,35.749428571428595,22.95946938775505,26.464775510204074,3.673469387755102,0.0,0.0,0.0,15893219.0,23.5,16.8,1.496,0.0,0.0,9.831,0.9,57.4
South Africa,36300000000.0,0.0,31267209.54,0.0,625056.0,14028.0,56.64934426229514,62.68254098360668,54.733114754098445,58.66766393442618,33.09426229508197,3674872.0,61.961999999999996,65.59100000000001,59308690.0,46.754,27.3,3.053,12294.876,18.9,43.993,2.32,64.13
South Korea,80669710999.0,53000000.0,3617399223.0,174100000.0,19947.0,324.0,45.85470833333341,51.94845833333326,50.068833333333274,53.20512500000017,32.8125,1879813.0,36.666,1878.3329999999999,51269183.0,527.967,43.4,8.622,35938.373999999996,0.2,0.0,12.27,83.03
South Sudan,0.0,0.0,7600000.0,0.0,2519.0,47.0,55.03583673469379,60.73,46.981265306122594,53.167224489796055,12.959183673469388,0.0,0.0,0.0,11193729.0,0.0,19.2,2.032,1569.888,0.0,0.0,0.0,57.85
Spain,0.0,0.0,4213310800.0,26342520.0,439286.0,29011.0,50.45942857142862,55.28351020408148,53.83763265306119,49.92416326530611,75.35714285714286,5849939.0,125.12,131.121,46754783.0,93.105,45.5,13.799000000000001,34272.36,1.0,0.0,2.97,83.56
Sri Lanka,500000000.0,128000000.0,128600000.0,0.0,3012.0,12.0,48.05371428571438,53.48734693877563,47.39653061224496,51.486897959183715,24.897959183673468,0.0,0.0,0.0,21413250.0,341.955,34.1,5.331,11669.077,0.7,0.0,3.6,76.98
Sudan,300000000.0,0.0,123570000.0,0.0,13189.0,823.0,56.38485714285703,61.87506122448983,48.29208163265305,53.566693877550975,19.285714285714285,0.0,0.0,0.0,43849269.0,23.258000000000003,19.7,2.0340000000000003,4466.5070000000005,0.0,23.436999999999998,0.8,65.31
Suriname,93870000.0,0.0,53640000.0,0.0,4009.0,67.0,56.08187755102047,57.953918367347015,46.60636734693878,51.629469387755044,18.979591836734695,0.0,0.0,0.0,586634.0,3.612,29.6,4.229,13767.118999999999,0.0,67.779,3.1,71.68
Sweden,7640801000.0,40000000.0,642000000.0,9900000.0,83958.0,5821.0,28.641183673469463,36.2222857142857,34.00093877551018,32.1562040816326,44.13265306122449,0.0,0.0,44.982,10099270.0,24.718000000000004,41.0,13.433,46949.282999999996,0.5,0.0,2.22,82.8
Switzerland,31643000000.0,232000000.0,1907000000.0,329000000.0,41906.0,1724.0,40.87481632653057,45.09232653061232,42.48448979591836,44.21457142857138,32.95918367346939,1012884.0,117.03399999999999,833.0,8654618.0,214.243,43.1,12.644,57410.166,0.0,0.0,4.53,83.78
Syria,0.0,0.0,31000000.0,0.0,2703.0,109.0,48.74546938775514,55.80118367346955,35.34779591836727,41.77359183673469,0.0,0.0,0.0,0.0,17500657.0,0.0,21.7,2.577,0.0,0.0,70.598,1.5,72.7
Taiwan,32761907413.0,0.0,560790000.0,1733514.0,0.0,0.0,22.150590717299465,29.30611814345984,31.57105485232066,32.87890295358651,24.367088607594937,87291.0,3.665,3661.0,23816775.0,0.0,42.2,8.353,0.0,0.0,0.0,0.0,80.46
Tajikistan,1200000.0,0.0,292800.0,0.0,8550.0,68.0,36.61685714285704,45.646530612244966,33.97881632653061,36.53951020408155,19.897959183673468,0.0,0.0,0.0,9537642.0,64.281,23.3,2.155,2896.913,4.8,72.704,4.8,71.1
Tanzania,0.0,0.0,302000000.0,0.0,509.0,21.0,25.276612244897926,27.22277551020413,19.4909387755102,23.035224489795876,0.0,0.0,0.0,0.0,59734213.0,64.699,17.7,1.874,2683.304,49.1,47.953,0.7,65.46
Thailand,58000000000.0,0.0,19354778041.0,1390000000.0,3412.0,58.0,43.48767346938765,48.80338775510226,46.941428571428524,45.217020408163336,56.42857142857143,417044.0,5.975,3540.091,69799978.0,135.132,40.1,6.89,16277.671,0.1,90.67,2.1,77.15
Togo,666872981.0,0.0,1004059.72,0.0,1396.0,27.0,41.88967346938775,47.132857142857105,37.72938775510208,40.173673469387865,24.285714285714285,54709.0,6.608,280.0,8278737.0,143.366,19.4,1.525,1429.8129999999999,49.2,10.475,0.7,61.04
Trinidad and Tobago,384507099.83,0.0,23260773.0,0.0,1683.0,21.0,53.45979591836742,59.80224489795926,49.876734693877616,53.50779591836728,29.897959183673468,0.0,0.0,0.0,1399491.0,266.88599999999997,36.2,5.819,28763.071,0.0,89.443,3.0,73.51
Tunisia,816000000.0,0.0,34231980.0,0.0,3685.0,76.0,39.42465306122451,45.179836734693716,41.73163265306108,40.13575510204082,50.51020408163265,136199.0,11.524000000000001,3122.0,11818618.0,74.22800000000001,32.7,5.075,10849.296999999999,2.0,78.687,2.3,76.7
Turkey,15432708096.0,5000000.0,0.0,0.0,268546.0,6326.0,47.755999999999965,59.5486938775512,50.88477551020425,51.63906122448979,46.734693877551024,7028390.0,83.335,71.86399999999999,84339067.0,104.914,31.6,5.061,25129.341,0.2,0.0,2.81,77.69
Turks and Caicos Islands,0.0,0.0,0.0,0.0,507.0,3.0,44.71085836909866,46.70914163090127,62.162767857142725,67.99109756097558,12.5,0.0,0.0,0.0,38718.0,37.312,0.0,0.0,0.0,0.0,0.0,0.0,80.22
Uganda,300000000.0,0.0,6793500000.0,0.0,2928.0,30.0,59.541875000000125,63.03608333333332,50.382249999999935,54.52350000000012,27.604166666666668,367423.0,8.033,1676.5,45741000.0,213.75900000000001,16.4,1.308,1697.707,41.6,21.221999999999998,0.5,63.37
Ukraine,2367947184.0,0.0,2411800000.0,0.0,119074.0,2527.0,47.874530612244776,53.14808163265309,45.03779591836743,48.62424489795899,25.306122448979593,1550280.0,35.448,26.499000000000002,43733759.0,77.39,41.4,11.133,7894.393,0.1,0.0,8.8,72.06
United Arab Emirates,42477876106.0,10000000.0,0.0,0.0,69690.0,382.0,46.4819672131146,54.941024590163785,48.52110655737698,51.642540983606594,31.352459016393443,7011895.0,708.96,5957.0,9890400.0,112.44200000000001,34.0,0.526,67293.483,0.0,0.0,1.2,77.97
United Kingdom,420452571128.04,183360000.0,7528769340.0,509182264.22,334467.0,41499.0,50.81106802721091,55.52063945578232,53.71436054421771,51.131082993197296,67.92857142857143,13447568.0,198.09,230.732,67886004.0,272.89799999999997,40.8,12.527000000000001,39753.244,0.2,0.0,2.54,81.32
United States,1957600000000.0,1300000000.0,242450000000.0,1950000000.0,11923670.0,365396.0,48.65673174149368,54.43360511644396,49.73778369921959,49.99543233333802,48.32953774620239,83898416.0,253.468,26.247,331002647.0,35.608000000000004,38.3,9.732000000000001,54225.445999999996,1.2,0.0,2.77,78.86
Uruguay,520000000.0,0.0,0.0,0.0,1585.0,44.0,33.86216326530607,44.98469387755091,36.46314285714291,34.72579591836737,46.02040816326531,171237.0,49.295,2712.5,3473727.0,19.750999999999998,35.6,10.360999999999999,20551.409,0.1,0.0,2.8,77.91
Uzbekistan,1047120400.0,0.0,52356020.0,0.0,41651.0,317.0,56.446979591836794,62.65889795918362,51.80542857142857,55.21269387755111,33.06122448979592,0.0,0.0,0.0,33469199.0,76.134,28.2,2.873,6253.104,0.0,0.0,4.0,71.72
Venezuela,0.0,0.0,10000000.0,0.0,45868.0,381.0,59.24871900826459,60.92355371900817,50.69136363636358,53.85946280991719,33.264462809917354,0.0,0.0,0.0,28435943.0,36.253,29.0,3.915,16745.022,0.0,0.0,0.8,72.06
Vietnam,7630000000.0,60000.0,86180.0,0.0,1040.0,32.0,55.32632653061223,63.274000000000015,52.892081632652875,58.89253061224499,19.897959183673468,261004.0,2.681,47299.0,97338583.0,308.127,32.6,4.718,6171.884,2.0,85.84700000000001,2.6,75.4
Yemen,0.0,0.0,0.0,0.0,1953.0,564.0,31.064612244897855,39.874571428571436,21.505020408163276,25.418122448979613,0.0,0.0,0.0,0.0,29825968.0,53.508,20.3,1.5830000000000002,1479.1470000000002,18.8,49.542,0.7,66.12
Zambia,439000000.0,0.0,38360000.0,0.0,12025.0,287.0,35.123714285714385,43.31975510204077,33.57808163265298,36.75330612244898,16.122448979591837,0.0,0.0,0.0,18383956.0,22.995,17.7,1.5419999999999998,3689.2509999999997,57.5,13.937999999999999,2.0,63.89
Zimbabwe,715000000.0,0.0,50.0,1.1,6412.0,196.0,55.222874999999995,61.74300000000004,44.528958333333456,49.93737499999996,14.791666666666666,97272.0,6.545,1127.0,14862927.0,42.729,19.6,1.882,1899.775,21.4,36.791,1.7,61.49
